Designator,Mid X,Mid Y,Layer,Rotation
C1,121.300000mm,-106.800000mm,Top,90.000000
C2,123.300000mm,-106.150000mm,Top,90.000000
C3,125.000000mm,-106.600000mm,Top,90.000000
C4,125.700000mm,-87.900000mm,Top,0.000000
C5,135.900000mm,-72.000000mm,Top,90.000000
C6,139.600000mm,-66.000000mm,Top,90.000000
C7,119.000000mm,-76.800000mm,Top,90.000000
C8,125.800000mm,-79.300000mm,Top,0.000000
C9,139.000000mm,-107.000000mm,Top,90.000000
C10,134.600000mm,-157.000000mm,Top,90.000000
C11,140.000000mm,-157.000000mm,Top,90.000000
C12,141.200000mm,-157.000000mm,Top,90.000000
C13,140.000000mm,-154.400000mm,Top,90.000000
C14,134.600000mm,-160.600000mm,Top,90.000000
C15,140.000000mm,-160.600000mm,Top,90.000000
C16,158.000000mm,-151.800000mm,Top,0.000000
C17,158.000000mm,-156.200000mm,Top,0.000000
C18,137.200000mm,-165.200000mm,Top,90.000000
C19,155.600000mm,-103.600000mm,Top,270.000000
C31,129.400000mm,-144.200000mm,Top,90.000000
C32,118.400000mm,-81.000000mm,Top,90.000000
C33,121.700000mm,-84.750000mm,Top,180.000000
C34,124.550000mm,-85.350000mm,Top,270.000000
C36,157.300000mm,-102.800000mm,Top,270.000000
D1,129.200000mm,-75.200000mm,Top,0.000000
D2,158.000000mm,-154.000000mm,Top,0.000000
D6,130.300000mm,-78.600000mm,Top,0.000000
D7,119.200000mm,-73.400000mm,Top,180.000000
FB1,137.400000mm,-154.400000mm,Top,0.000000
J1,150.000000mm,-161.000000mm,Top,180.000000
J3,127.500000mm,-72.000000mm,Top,180.000000
J4,142.600000mm,-74.600000mm,Top,0.000000
J5,158.600000mm,-93.100000mm,Top,90.000000
Q1,136.100000mm,-79.500000mm,Top,180.000000
Q2,135.900000mm,-75.600000mm,Top,270.000000
Q4,159.500000mm,-103.900000mm,Top,270.000000
Q5,157.300000mm,-82.300000mm,Top,90.000000
R1,127.600000mm,-87.900000mm,Top,0.000000
R2,132.500000mm,-74.600000mm,Top,0.000000
R3,133.250000mm,-78.600000mm,Top,90.000000
R4,124.900000mm,-74.800000mm,Top,90.000000
R5,126.070000mm,-81.000000mm,Top,0.000000
R6,136.600000mm,-107.000000mm,Top,90.000000
R7,137.800000mm,-107.000000mm,Top,90.000000
R8,136.000000mm,-165.200000mm,Top,90.000000
R9,138.400000mm,-165.200000mm,Top,90.000000
R10,134.600000mm,-163.400000mm,Top,0.000000
R13,122.400000mm,-141.000000mm,Top,90.000000
R14,123.600000mm,-141.000000mm,Top,90.000000
R15,124.800000mm,-141.000000mm,Top,90.000000
R16,126.000000mm,-141.000000mm,Top,90.000000
R17,124.000000mm,-117.600000mm,Top,0.000000
R18,139.600000mm,-165.200000mm,Top,90.000000
R19,140.800000mm,-165.200000mm,Top,90.000000
R20,130.300000mm,-80.600000mm,Top,0.000000
R21,159.500000mm,-106.300000mm,Top,180.000000
R22,156.900000mm,-79.600000mm,Top,180.000000
R23,161.000000mm,-80.600000mm,Top,180.000000
U1,127.550000mm,-97.000000mm,Top,90.000000
U2,135.900000mm,-67.500000mm,Top,270.000000
U3,122.000000mm,-76.800000mm,Top,270.000000
U4,137.400000mm,-157.000000mm,Top,180.000000
U5,137.400000mm,-160.600000mm,Top,180.000000
U6,126.000000mm,-146.500000mm,Top,0.000000
U7,133.600000mm,-83.200000mm,Top,270.000000
