"Comment","Designator","Footprint","LCSC Part #"
"22uF","C1,C32,C33,C34","Capacitor_SMD:C_0805_2012Metric","C45783"
"100nF","C2,C9,C12,C17,C18,C31,C36","Capacitor_SMD:C_0402_1005Metric","C1525"
"10uF","C3,C8","Capacitor_SMD:C_0603_1608Metric","C19702"
"1uF","C4,C10,C14","Capacitor_SMD:C_0402_1005Metric","C52923"
"4.7uF","C5,C6,C7,C19","Capacitor_SMD:C_0603_1608Metric","C19666"
"2.2uF","C11,C13,C15,C16","Capacitor_SMD:C_0402_1005Metric","C12530"
"B5819W","D1,D2","Diode_SMD:D_SOD-123","C8598"
"B5819W (STAT level clamp)","D6","Diode_SMD:D_SOD-123","C8598"
"SMF5.0A (VBUS TVS)","D7","Diode_SMD:D_SMF","C193402"
"600R@100MHz","FB1","Inductor_SMD:L_0603_1608Metric","C1002"
"Camera FPC 24P 0.5mm dual-contact (OV5640, cable contacts down)","J1","ai_calc:FPC_24P_P0.5mm_DualContact_C6364666_CamReversed","C6364666"
"Magnetic USB (Adafruit 5358, N end at pin 1): VBUS D- D+ GND","J3","ai_calc:PinSocket_1x04_P2.54mm_SMD_RA_C46061768","C46061768"
"Battery JST-PH (Adafruit 1570)","J4","ai_calc:JST_PH_S2B-PH-SM4-TB_LCSC","C295747"
"LCD 1.9in 170x320 IPS 30P FPC (190-1732TBWPG01 / T-Display-S3 panel)","J5","ai_calc:FPC_30P_P0.5mm_DualContact_C2919501_LcdReversed","C2919501"
"AO3401A (reverse battery)","Q1","Package_TO_SOT_SMD:SOT-23","C15127"
"AO3401A (load share)","Q2","Package_TO_SOT_SMD:SOT-23","C15127"
"AO3401A (LCD power switch)","Q4","Package_TO_SOT_SMD:SOT-23","C15127"
"AO3400A (backlight switch)","Q5","Package_TO_SOT_SMD:SOT-23","C20917"
"10k","R1,R4,R8,R9,R15,R16","Resistor_SMD:R_0402_1005Metric","C25744"
"20k (50 mA)","R2","Resistor_SMD:R_0402_1005Metric","C25765"
"100k","R3,R10,R17,R20,R21,R22","Resistor_SMD:R_0402_1005Metric","C25741"
"20k","R5","Resistor_SMD:R_0402_1005Metric","C25765"
"1M","R6,R7","Resistor_SMD:R_0402_1005Metric","C26083"
"4.7k","R13,R14,R18,R19","Resistor_SMD:R_0402_1005Metric","C25900"
"15R","R23","Resistor_SMD:R_0603_1608Metric","C22810"
"ESP32-S3-MINI-1-N4R2","U1","ai_calc:ESP32-S3-MINI-1","C3013941"
"MCP73831T-2ACI/OT","U2","Package_TO_SOT_SMD:SOT-23-5","C424093"
"RT9080-33GJ5","U3","Package_TO_SOT_SMD:SOT-23-5","C841192"
"ME6211C28M5G-N","U4","Package_TO_SOT_SMD:SOT-23-5","C53099"
"ME6211C15M5G-N","U5","Package_TO_SOT_SMD:SOT-23-5","C53100"
"TCA8418RTWR","U6","Package_DFN_QFN:HVQFN-24-1EP_4x4mm_P0.5mm_EP2.6x2.6mm","C138713"
"USBLC6-2SC6","U7","Package_TO_SOT_SMD:SOT-23-6","C7519"
