key,label,row,x_px,y_px,w,h,conf,x_mm,y_mm
Shift,SHIFT,R1,822,928,6.0,4.5,med,176.623,120.795
Alpha,ALPHA,R1,742,928,6.0,4.5,med,166.026,120.795
Mode,MODE,R1,500,928,6.0,4.5,med,133.974,120.795
On,ON,R1,420,928,6.0,4.5,med,123.377,120.795
Calc,CALC,R2,822,1016,6.0,4.5,med,176.623,132.45
Integral,∫dx,R2,742,1016,6.0,4.5,med,166.026,132.45
Inv,x^-1,R2,500,1016,6.0,4.5,med,133.974,132.45
LogBase,log_a,R2,420,1016,6.0,4.5,med,123.377,132.45
Frac,a/b,R3,822,1083,7.0,5.5,med,176.623,141.325
Sqrt,sqrt,R3,742,1083,7.0,5.5,med,166.026,141.325
Sq,x^2,R3,661,1083,7.0,5.5,med,155.298,141.325
Pow,x^n,R3,581,1083,7.0,5.5,med,144.702,141.325
Log,log,R3,500,1083,7.0,5.5,med,133.974,141.325
Ln,ln,R3,420,1083,7.0,5.5,med,123.377,141.325
Neg,(-),R4,822,1154,7.0,5.5,med,176.623,150.728
Dms,"o'""",R4,742,1154,7.0,5.5,med,166.026,150.728
Hyp,hyp,R4,661,1154,7.0,5.5,med,155.298,150.728
Sin,sin,R4,581,1154,7.0,5.5,med,144.702,150.728
Cos,cos,R4,500,1154,7.0,5.5,med,133.974,150.728
Tan,tan,R4,420,1154,7.0,5.5,med,123.377,150.728
Rcl,RCL,R5,822,1226,7.0,5.5,med,176.623,160.265
Eng,ENG,R5,742,1226,7.0,5.5,med,166.026,160.265
Open,(,R5,661,1226,7.0,5.5,med,155.298,160.265
Close,),R5,581,1226,7.0,5.5,med,144.702,160.265
SD,S<>D,R5,500,1226,7.0,5.5,med,133.974,160.265
MPlus,M+,R5,420,1226,7.0,5.5,med,123.377,160.265
D7,7,N1,815,1305,9.0,7.0,high,175.695,170.728
D8,8,N1,718,1305,9.0,7.0,high,162.848,170.728
D9,9,N1,621,1305,9.0,7.0,high,150.0,170.728
Del,DEL,N1,524,1305,9.0,7.0,high,137.152,170.728
AC,AC,N1,427,1305,9.0,7.0,high,124.305,170.728
D4,4,N2,815,1389,9.0,7.0,high,175.695,181.854
D5,5,N2,718,1389,9.0,7.0,high,162.848,181.854
D6,6,N2,621,1389,9.0,7.0,high,150.0,181.854
Mul,x,N2,524,1389,9.0,7.0,high,137.152,181.854
Div,/,N2,427,1389,9.0,7.0,high,124.305,181.854
D1,1,N3,815,1473,9.0,7.0,high,175.695,192.98
D2,2,N3,718,1473,9.0,7.0,high,162.848,192.98
D3,3,N3,621,1473,9.0,7.0,high,150.0,192.98
Add,+,N3,524,1473,9.0,7.0,high,137.152,192.98
Sub,-,N3,427,1473,9.0,7.0,high,124.305,192.98
D0,0,N4,815,1557,9.0,7.0,med,175.695,204.106
Dot,.,N4,718,1557,9.0,7.0,med,162.848,204.106
Exp10,x10^x,N4,621,1557,9.0,7.0,med,150.0,204.106
Ans,Ans,N4,524,1557,9.0,7.0,med,137.152,204.106
Eq,=,N4,427,1557,9.0,7.0,med,124.305,204.106
Up,UP,REPLAY,621.0,924.0,5.0,4.0,low,150.0,120.265
Down,DOWN,REPLAY,621.0,1004.0,5.0,4.0,low,150.0,130.861
Left,LEFT,REPLAY,671.0,964.0,5.0,4.0,low,156.623,125.563
Right,RIGHT,REPLAY,571.0,964.0,5.0,4.0,low,143.377,125.563
